archivo,cultivo,estado,tecnologia,modalidad,ciclo,costo_por_ha,rendimiento,precio,utilidad,prep_terreno,siembra,fertilizacion,labores,riegos,plagas,cosecha,diversos,utilidad_calc,prep_terreno_pct,siembra_pct,fertilizacion_pct,labores_pct,riegos_pct,plagas_pct,cosecha_pct,diversos_pct,roi,cultivo_mapeado
Ajo_BMF_Zacatecas_OI_2025_2026.pdf,AJO,ZACATECAS,BMF,RIEGO POR GOTEO ESTATUS: AUTORIZADO,OI 2025/2026,25000,15.0,30000.0,175785.0,20031.0,78700.0,21985.0,14520.0,12970.0,19414,75859.0,12446,425000.0,0.80124,3.148,0.8794,0.5808,0.5188,0.77656,3.03436,0.49784,7.0314,AJO
Alfalfa_Est_Mtto_GMF_Chihuahua_PN_2026.pdf,ALFALFA,CHIHUAHUA,GMF,TRADICIONAL ESTATUS: AUTORIZADO,PN - 2026,3000,19.6,4500.0,28665.0,5541.0,10736.0,9893.0,0.0,14950.0,5008,5250.0,995,85200.0,1.847,3.578666666666667,3.2976666666666667,0.0,4.983333333333333,1.6693333333333333,1.75,0.33166666666666667,9.555,ALFALFA VERDE
Alfalfa_Mtto_BMF_Chihuahua_Centro Sur_PN_2026.pdf,ALFALFA,CHIHUAHUA,BMF,TRADICIONAL ESTATUS: AUTORIZADO,PN - 2026,3500,19.0,4500.0,32056.0,0.0,0.0,16439.0,0.0,15801.0,7861,7600.0,1100,82000.0,0.0,0.0,4.696857142857143,0.0,4.514571428571428,2.246,2.1714285714285713,0.3142857142857143,9.158857142857142,ALFALFA VERDE
Alfalfa_Mtto_BMF_Chihuahua_PN_2026.pdf,ALFALFA,CHIHUAHUA,BMF,RIEGO POR ASPERSIÓN ESTATUS: AUTORIZADO,PN - 2026,3500,20.6,4200.0,2441.0,0.0,0.0,13775.0,0.0,22447.0,3030,35000.0,770,83020.0,0.0,0.0,3.9357142857142855,0.0,6.413428571428572,0.8657142857142858,10.0,0.22,0.6974285714285714,ALFALFA VERDE
Algodón_BMF_Chihuahua_PV_2026.pdf,ALGODON,CHIHUAHUA,BMF,RIEGO POR ASPERSIÓN ESTATUS: AUTORIZADO,PV - 2026,27513,2.1,30188.0,4465.0,2934.0,7578.0,11219.0,4286.0,12187.0,8896,5028.0,1992,35881.8,0.10664049721949624,0.2754334314687602,0.4077708719514411,0.15578090357285646,0.44295423981390614,0.32333805837240576,0.1827499727401592,0.07240213717151892,0.16228691891106023,ALGODÓN HUESO
Algodón_GMF_Baja California_PV_2026.pdf,ALGODON,BAJA CALIFORNIA,GMF,TRADICIONAL ESTATUS: AUTORIZADO,PV - 2026,28588,1.75,30137.0,2423.0,5610.0,5009.0,11087.0,5537.0,4019.0,3995,8242.0,1966,24151.75,0.19623618301385196,0.17521337624177977,0.38782006436266964,0.19368266405484819,0.14058346159227647,0.13974394850986427,0.2883027843850567,0.06877011333426612,0.08475584161186511,ALGODÓN HUESO
Arroz_GMF_Morelos_PV_2026.pdf,ARROZ,MORELOS,GMF,TRADICIONAL ESTATUS: AUTORIZADO,PV - 2026,8800,10.0,9080.0,14366.0,12800.0,8950.0,9749.0,1500.0,6650.0,12357,13200.0,3123,82000.0,1.4545454545454546,1.0170454545454546,1.1078409090909092,0.17045454545454544,0.7556818181818182,1.4042045454545455,1.5,0.3548863636363636,1.6325,ARROZ PALAY
Arroz_GMF_Nayarit_OI_2025_2026.pdf,ARROZ,NAYARIT,GMF,TRADICIONAL ESTATUS: AUTORIZADO,OI 2025/2026,5650,10.0,5900.0,6778.0,6700.0,3150.0,10260.0,800.0,2700.0,6423,3500.0,14680,53350.0,1.1858407079646018,0.5575221238938053,1.815929203539823,0.1415929203539823,0.4778761061946903,1.1368141592920353,0.6194690265486725,2.5982300884955754,1.199646017699115,ARROZ PALAY
Brócoli_BMF_Guanajuato_OI_2025_2026.pdf,BROCOLI,GUANAJUATO,BMF,RIEGO POR GOTEO ESTATUS: AUTORIZADO,OI 2025/2026,8000,16.0,9500.0,23633.0,7400.0,23800.0,13470.0,4200.0,23120.0,9680,15680.0,23674,144000.0,0.925,2.975,1.68375,0.525,2.89,1.21,1.96,2.95925,2.954125,BRÓCOLI
Cacahuate_BMF_Chihuahua_PV_2026.pdf,CACAHUATE,CHIHUAHUA,BMF,RIEGO POR ASPERSIÓN ESTATUS: AUTORIZADO,PV - 2026,11100,3.8,13875.0,6838.0,3336.0,5662.0,6330.0,1449.0,12329.0,5052,4950.0,2062,41625.0,0.3005405405405405,0.5100900900900901,0.5702702702702702,0.13054054054054054,1.1107207207207208,0.45513513513513515,0.44594594594594594,0.18576576576576576,0.6160360360360361,CACAHUATE
Canola_GMF_Sonora_OI_2025_2026.pdf,CANOLA,SONORA,GMF,TRADICIONAL ESTATUS: AUTORIZADO,OI 2025/2026,9000,2.65,9353.0,3002.0,3620.0,2028.0,6550.0,280.0,2010.0,869,2380.0,2279,15785.45,0.4022222222222222,0.22533333333333333,0.7277777777777777,0.03111111111111111,0.22333333333333333,0.09655555555555556,0.2644444444444444,0.25322222222222224,0.33355555555555555,CANOLA
Cebada_BMF_Chihuahua_OI_2025_2026.pdf,CEBADA,CHIHUAHUA,BMF,RIEGO POR ASPERSIÓN ESTATUS: AUTORIZADO,OI 2025/2026,5200,7.5,7600.0,20867.0,1720.0,2237.0,17300.0,312.0,7624.0,923,2302.0,1400,51800.0,0.33076923076923076,0.4301923076923077,3.326923076923077,0.06,1.4661538461538461,0.1775,0.4426923076923077,0.2692307692307692,4.012884615384616,CEBADA GRANO
Cebada_BMF_Durango_OI_2025_2026.pdf,CEBADA,DURANGO,BMF,RIEGO POR ASPERSIÓN ESTATUS: AUTORIZADO,OI 2025/2026,5400,5.1,6200.0,3299.0,2950.0,2580.0,9913.0,0.0,2775.0,2936,1350.0,2148,26219.999999999996,0.5462962962962963,0.4777777777777778,1.8357407407407407,0.0,0.5138888888888888,0.5437037037037037,0.25,0.3977777777777778,0.6109259259259259,CEBADA GRANO
Cebada_GMF_Jalisco_OI_2025_2026.pdf,CEBADA,JALISCO,GMF,TRADICIONAL ESTATUS: AUTORIZADO,OI 2025/2026,6200,6.0,7898.0,3295.0,7000.0,4548.0,11657.0,0.0,4800.0,6573,2960.0,2460,41188.0,1.1290322580645162,0.7335483870967742,1.8801612903225806,0.0,0.7741935483870968,1.0601612903225806,0.4774193548387097,0.3967741935483871,0.5314516129032258,CEBADA GRANO
Chile chilaca (seco)_BMF_Chihuahua_PV_2026.pdf,CHILE,CHIHUAHUA,BMF,RIEGO POR GOTEO ESTATUS: AUTORIZADO,PV - 2026,40000,3.0,45000.0,35707.0,5930.0,10991.0,18537.0,6356.0,10854.0,20202,10050.0,7179,95000.0,0.14825,0.274775,0.463425,0.1589,0.27135,0.50505,0.25125,0.179475,0.892675,CHILE VERDE
Chile chilaca (verde)_BMF_Chihuahua_PV_2026.pdf,CHILE,CHIHUAHUA,BMF,RIEGO POR GOTEO ESTATUS: AUTORIZADO,PV - 2026,5000,40.0,6500.0,123012.0,5930.0,46913.0,18537.0,3756.0,11218.0,20202,9200.0,7467,255000.0,1.186,9.3826,3.7074,0.7512,2.2436,4.0404,1.84,1.4934,24.6024,CHILE VERDE
Chile guajillo (seco)_BCF_Zacatecas_PV_2026.pdf,CHILE,ZACATECAS,,RIEGO POR GOTEO ESTATUS: AUTORIZADO,PV - 2026,40000,2.0,52000.0,11973.0,2789.0,9200.0,13817.0,8733.0,12434.0,6022,20600.0,11000,64000.0,0.069725,0.23,0.345425,0.218325,0.31085,0.15055,0.515,0.275,0.299325,CHILE VERDE
Chile jalapeño_BMF_Chihuahua_PV_2026.pdf,CHILE,CHIHUAHUA,BMF,RIEGO POR GOTEO ESTATUS: AUTORIZADO,PV - 2026,5000,45.0,6500.0,71153.0,5428.0,49737.0,33690.0,14495.0,29779.0,15141,46507.0,6534,287500.0,1.0856,9.9474,6.738,2.899,5.9558,3.0282,9.3014,1.3068,14.2306,CHILE VERDE
Chile jalapeño_BMF_Nayarit_PV_2026.pdf,CHILE,NAYARIT,BMF,RIEGO POR GOTEO ESTATUS: AUTORIZADO,PV - 2026,7500,40.0,11352.0,159767.0,18370.0,39780.0,44805.0,4580.0,27366.0,71354,52500.0,16686,446580.0,2.449333333333333,5.304,5.974,0.6106666666666667,3.6488,9.513866666666667,7.0,2.2248,21.302266666666668,CHILE VERDE
Chile mulato (seco)_BMF_San Luis Potosí_PV_2026.pdf,CHILE,SAN LUIS POTOSÍ,BMF,RIEGO POR GOTEO ESTATUS: AUTORIZADO,PV - 2026,60000,4.0,70000.0,46880.0,29850.0,40500.0,20966.0,2400.0,19300.0,4583,81000.0,13200,220000.0,0.4975,0.675,0.3494333333333333,0.04,0.32166666666666666,0.07638333333333333,1.35,0.22,0.7813333333333333,CHILE VERDE
Cártamo_GMF_Sonora_OI_2025_2026.pdf,CARTAMO,SONORA,GMF,TRADICIONAL ESTATUS: AUTORIZADO,OI 2025/2026,7000,2.65,8390.0,470.0,4320.0,1409.0,5249.0,560.0,1775.0,1854,2380.0,2723,15233.5,0.6171428571428571,0.2012857142857143,0.7498571428571429,0.08,0.25357142857142856,0.26485714285714285,0.34,0.389,0.06714285714285714,CÁRTAMO
Durazno_Est_BMF_Chihuahua_PN_2026.pdf,DURAZNO,CHIHUAHUA,BMF,MICROASPERSIÓN ESTATUS: AUTORIZADO,PN - 2026,10259,0.0,14272.0,-10259.0,9161.0,83750.0,11702.0,13750.0,80297.0,3489,0.0,750,-10259.0,0.8929720245637977,8.163563700165708,1.140656984111512,1.3402865776391462,7.82698118725022,0.3400916268642168,0.0,0.07310654059849887,-1.0,DURAZNO
Durazno_Mtto_BMF_Chihuahua_PN_2026.pdf,DURAZNO,CHIHUAHUA,BMF,MICROASPERSIÓN ESTATUS: AUTORIZADO,PN - 2026,10258,14.84,14272.0,107483.0,0.0,0.0,15154.0,35942.0,10593.0,14452,14100.0,5780,201538.48,0.0,0.0,1.4772860206667966,3.503801910703841,1.032657438097095,1.4088516279976604,1.3745369467732502,0.5634626632871905,10.477968414895692,DURAZNO
Frijol_BMF_Nayarit_OI_2025_2026.pdf,FRIJOL,NAYARIT,BMF,RIEGO POR ASPERSIÓN ESTATUS: AUTORIZADO,OI 2025/2026,18000,1.8,24000.0,6334.0,5700.0,3200.0,4722.0,0.0,4527.0,2988,5900.0,7700,25200.0,0.31666666666666665,0.17777777777777778,0.2623333333333333,0.0,0.2515,0.166,0.3277777777777778,0.42777777777777776,0.35188888888888886,FRIJOL
Frijol_GMF_Sinaloa_OI_2025_2026.pdf,FRIJOL,SINALOA,GMF,TRADICIONAL ESTATUS: AUTORIZADO,OI 2025/2026,20462,1.87,22735.0,9597.0,4976.0,3744.0,7536.0,1556.0,2851.0,2424,3692.0,3638,22052.450000000004,0.2431824846056104,0.18297331639135958,0.36829244453132637,0.07604339751734923,0.13933144365164696,0.1184634933046623,0.18043202033036848,0.17779298211318542,0.4690157364871469,FRIJOL
Garbanzo_GMF_Sinaloa_OI_2025_2026.pdf,GARBANZO,SINALOA,GMF,TRADICIONAL ESTATUS: AUTORIZADO,OI 2025/2026,16875,2.1,18750.0,6630.0,4347.0,5162.0,5921.0,1771.0,3100.0,2718,3576.0,3740,22500.0,0.2576,0.3058962962962963,0.35087407407407406,0.10494814814814815,0.1837037037037037,0.16106666666666666,0.2119111111111111,0.22162962962962962,0.3928888888888889,GARBANZO GRANO
Girasol_GMF_Sonora_OI_2025_2026.pdf,GIRASOL,SONORA,GMF,TRADICIONAL ESTATUS: AUTORIZADO,OI 2025/2026,8000,2.7,8843.0,1508.0,1880.0,1950.0,6551.0,560.0,2410.0,1918,2390.0,2934,15876.100000000002,0.235,0.24375,0.818875,0.07,0.30125,0.23975,0.29875,0.36675,0.1885,GIRASOL
Maíz_BMF_Chihuahua_PV_2026.pdf,MAIZ,CHIHUAHUA,BMF,RIEGO POR ASPERSIÓN ESTATUS: AUTORIZADO,PV - 2026,4300,12.0,4502.0,4802.0,2379.0,6601.0,9487.0,1846.0,12506.0,3990,3500.0,1125,49724.0,0.5532558139534883,1.5351162790697674,2.206279069767442,0.42930232558139536,2.9083720930232557,0.9279069767441861,0.813953488372093,0.2616279069767442,1.1167441860465117,MAÍZ GRANO
Maíz_BMF_Guanajuato_PV_2026.pdf,MAIZ,GUANAJUATO,BMF,TRADICIONAL ESTATUS: AUTORIZADO,PV - 2026,5057,12.0,5619.0,9107.0,6600.0,11200.0,13666.0,0.0,5250.0,6684,4200.0,2179,62371.0,1.3051216136049042,2.214751829147716,2.7023927229582756,0.0,1.0381649199129919,1.321732252323512,0.8305319359303935,0.4308878781886494,1.8008700810757365,MAÍZ GRANO
Maíz_GMF_Baja California_OI_2025_2026.pdf,MAIZ,BAJA CALIFORNIA,GMF,TRADICIONAL ESTATUS: AUTORIZADO,OI 2025/2026,4345,11.0,4895.0,5419.0,5127.0,8055.0,15547.0,0.0,3169.0,2801,4700.0,2624,49500.0,1.1799769850402761,1.85385500575374,3.5781357882623706,0.0,0.7293440736478711,0.6446490218642117,1.0817031070195626,0.6039125431530494,1.247180667433832,MAÍZ GRANO
Maíz_GMF_Guanajuato_PV_2026.pdf,MAIZ,GUANAJUATO,GMF,TRADICIONAL ESTATUS: AUTORIZADO,PV - 2026,5295,12.0,5619.0,9598.0,6600.0,11200.0,13666.0,0.0,4800.0,6684,4200.0,2179,62133.0,1.246458923512748,2.1152030217186026,2.580925401322002,0.0,0.9065155807365439,1.2623229461756373,0.7932011331444759,0.41152030217186025,1.8126534466477808,MAÍZ GRANO
Maíz_GMF_Jalisco_PV_2026.pdf,MAIZ,JALISCO,GMF,TRADICIONAL ESTATUS: AUTORIZADO,PV - 2026,5000,12.0,5619.0,12535.0,6700.0,8340.0,14175.0,1600.0,3200.0,5714,4460.0,2400,62428.0,1.34,1.668,2.835,0.32,0.64,1.1428,0.892,0.48,2.507,MAÍZ GRANO
Maíz_GMF_San Luis Potosí_OI_2025_2026.pdf,MAIZ,SAN LUIS POTOSÍ,GMF,TRADICIONAL ESTATUS: AUTORIZADO,OI 2025/2026,5548,6.5,5840.0,13672.0,4050.0,4350.0,3184.0,1400.0,3400.0,1299,3100.0,1850,32412.0,0.7299927901946648,0.7840663302090843,0.5739005046863734,0.25234318673395817,0.6128334534967556,0.23413842826243692,0.558759913482336,0.3334534967555876,2.4643114635904833,MAÍZ GRANO
Maíz_GMF_Sinaloa_OI_2025_2026.pdf,MAIZ,SINALOA,GMF,TRADICIONAL ESTATUS: AUTORIZADO,OI 2025/2026,5023,12.0,5582.0,14083.0,3737.0,11945.0,12572.0,1256.0,4008.0,2499,4077.0,3760,61961.0,0.7439777025681863,2.3780609197690623,2.502886721083018,0.2500497710531555,0.7979295241887319,0.49751144734222574,0.8116663348596457,0.7485566394584909,2.803702966354768,MAÍZ GRANO
Maíz_GMF_Sonora_OI_2025_2026.pdf,MAIZ,SONORA,GMF,TRADICIONAL ESTATUS: AUTORIZADO,OI 2025/2026,4980,11.0,5242.0,5091.0,4706.0,9923.0,11005.0,456.0,8000.0,3198,4677.0,5242,52682.0,0.9449799196787149,1.992570281124498,2.209839357429719,0.09156626506024096,1.606425702811245,0.6421686746987951,0.939156626506024,1.0526104417670683,1.022289156626506,MAÍZ GRANO
Maíz_GMF_Tamaulipas_Centro Sur_OI_2025_2026.pdf,MAIZ,TAMAULIPAS,GMF,TRADICIONAL ESTATUS: AUTORIZADO,OI 2025/2026,5000,6.3,5353.0,4377.0,3590.0,6405.0,4800.0,765.0,2574.0,1540,3150.0,1375,28723.9,0.718,1.281,0.96,0.153,0.5148,0.308,0.63,0.275,0.8754,MAÍZ GRANO
Maíz_GMF_Tamaulipas_Norte_OI_2025_2026.pdf,MAIZ,TAMAULIPAS,GMF,TRADICIONAL ESTATUS: AUTORIZADO,OI 2025/2026,5000,6.0,5271.0,2941.0,2760.0,4650.0,5540.0,700.0,3090.0,2130,3300.0,1500,26626.0,0.552,0.93,1.108,0.14,0.618,0.426,0.66,0.3,0.5882,MAÍZ GRANO
Maíz_TMF_Jalisco_PV_2026.pdf,MAIZ,JALISCO,TMF,TRADICIONAL ESTATUS: AUTORIZADO,PV - 2026,5000,8.9,5619.0,3704.0,4050.0,8340.0,14175.0,1600.0,0.0,5214,3902.0,2400,45009.1,0.81,1.668,2.835,0.32,0.0,1.0428,0.7804,0.48,0.7408,MAÍZ GRANO
Maíz_TMF_Nayarit_PV_2026.pdf,MAIZ,NAYARIT,TMF,TRADICIONAL ESTATUS: AUTORIZADO,PV - 2026,4700,7.8,5200.0,7323.0,3900.0,6168.0,9834.0,0.0,0.0,2087,4740.0,2981,35860.0,0.8297872340425532,1.3123404255319149,2.0923404255319147,0.0,0.0,0.4440425531914894,1.0085106382978724,0.6342553191489362,1.5580851063829788,MAÍZ GRANO
Maíz_TMF_Quintana Roo_OI_2025_2026.pdf,MAIZ,QUINTANA ROO,TMF,TRADICIONAL ESTATUS: AUTORIZADO,OI 2025/2026,4350,4.5,6500.0,9281.0,900.0,4800.0,5610.0,0.0,0.0,4820,1500.0,1200,24900.0,0.20689655172413793,1.103448275862069,1.289655172413793,0.0,0.0,1.1080459770114943,0.3448275862068966,0.27586206896551724,2.1335632183908046,MAÍZ GRANO
Maíz_TMF_Yucatán_PV_2026.pdf,MAIZ,YUCATÁN,TMF,TRADICIONAL ESTATUS: AUTORIZADO,PV - 2026,6500,4.0,7000.0,4995.0,1400.0,3800.0,7726.0,0.0,0.0,4365,2100.0,1335,21500.0,0.2153846153846154,0.5846153846153846,1.1886153846153846,0.0,0.0,0.6715384615384615,0.3230769230769231,0.2053846153846154,0.7684615384615384,MAÍZ GRANO
Nogal_Mtto_BMF_Chihuahua_Centro Sur_PN_2026.pdf,NOGAL,CHIHUAHUA,BMF,MICROASPERSIÓN ESTATUS: AUTORIZADO,PN - 2026,70000,1.5,80000.0,9088.0,0.0,0.0,50094.0,8221.0,9680.0,18929,11308.0,3500,50000.0,0.0,0.0,0.7156285714285714,0.11744285714285714,0.1382857142857143,0.2704142857142857,0.16154285714285715,0.05,0.12982857142857143,NUEZ
Nogal_Mtto_BMF_Chihuahua_Noroeste_PN_2026.pdf,NOGAL,CHIHUAHUA,BMF,MICROASPERSIÓN ESTATUS: AUTORIZADO,PN - 2026,74000,2.5,78000.0,79053.0,0.0,0.0,40322.0,12388.0,9162.0,20312,21026.0,2900,121000.0,0.0,0.0,0.5448918918918919,0.1674054054054054,0.12381081081081081,0.2744864864864865,0.2841351351351351,0.03918918918918919,1.0682837837837837,NUEZ
Papa_BMF_Sinaloa_OI_2025_2026.pdf,PAPA,SINALOA,BMF,RIEGO POR ASPERSIÓN ESTATUS: AUTORIZADO,OI 2025/2026,8100,34.6,9100.0,49243.0,6871.0,89479.0,37113.0,500.0,6220.0,57190,25071.0,14875,306760.0,0.8482716049382716,11.04679012345679,4.581851851851852,0.06172839506172839,0.7679012345679013,7.060493827160494,3.0951851851851853,1.8364197530864197,6.079382716049382,PAPA
Papa_BMF_Sonora_OI_2025_2026.pdf,PAPA,SONORA,BMF,RIEGO POR ASPERSIÓN ESTATUS: AUTORIZADO,OI 2025/2026,10500,36.0,11500.0,79731.0,7350.0,101010.0,39633.0,1440.0,10065.0,36391,20230.0,17130,403500.0,0.7,9.62,3.7745714285714285,0.13714285714285715,0.9585714285714285,3.465809523809524,1.9266666666666667,1.6314285714285715,7.593428571428571,PAPA
Pitahaya_Establecimiento_TMF_Quintana Roo_PN_2026.pdf,PITAHAYA,QUINTANA ROO,TMF,TRADICIONAL ESTATUS: AUTORIZADO,PN - 2026,20000,0.1,25000.0,-17500.0,14700.0,11800.0,12196.0,30800.0,0.0,4210,0.0,2000,-17500.0,0.735,0.59,0.6098,1.54,0.0,0.2105,0.0,0.1,-0.875,PITAHAYA
Plátano_BMF_Chiapas_PN_2026.pdf,PLATANO,CHIAPAS,BMF,RIEGO POR ASPERSIÓN ESTATUS: AUTORIZADO,PN - 2026,5661,52.7,8980.0,155868.0,0.0,0.0,37174.0,32352.0,22800.0,55441,122292.0,8933,467585.0,0.0,0.0,6.5666843313902135,5.714891361950185,4.027556968733439,9.793499381734676,21.60254372019078,1.5779897544603427,27.53365129835718,PLÁTANO
Sorgo_BMF_Chihuahua_PV_2026.pdf,SORGO,CHIHUAHUA,BMF,RIEGO POR ASPERSIÓN ESTATUS: AUTORIZADO,PV - 2026,3500,6.0,4800.0,1147.0,4109.0,2775.0,5496.0,439.0,6158.0,3657,1725.0,1038,25300.0,1.174,0.7928571428571428,1.5702857142857143,0.12542857142857142,1.7594285714285713,1.044857142857143,0.4928571428571429,0.2965714285714286,0.32771428571428574,SORGO GRANO
Sorgo_BMF_Guanajuato_PV_2026.pdf,SORGO,GUANAJUATO,BMF,TRADICIONAL ESTATUS: AUTORIZADO,PV - 2026,4320,10.0,4790.0,11263.0,6600.0,3300.0,10848.0,0.0,3500.0,3745,3500.0,1903,43580.0,1.5277777777777777,0.7638888888888888,2.511111111111111,0.0,0.8101851851851852,0.8668981481481481,0.8101851851851852,0.44050925925925927,2.607175925925926,SORGO GRANO
Sorgo_BMF_Nayarit_OI_2025_2026.pdf,SORGO,NAYARIT,BMF,RIEGO POR ASPERSIÓN ESTATUS: AUTORIZADO,OI - 2025,4000,7.0,5000.0,6028.0,3600.0,3300.0,4850.0,0.0,3000.0,2440,1400.0,7750,31000.0,0.9,0.825,1.2125,0.0,0.75,0.61,0.35,1.9375,1.507,SORGO GRANO
Sorgo_BMF_Querétaro_PV_2026.pdf,SORGO,QUERÉTARO,BMF,TRADICIONAL ESTATUS: AUTORIZADO,PV - 2026,4850,8.0,5700.0,6092.0,3800.0,3260.0,6520.0,0.0,4060.0,6696,4440.0,3414,40750.0,0.7835051546391752,0.6721649484536083,1.3443298969072166,0.0,0.8371134020618557,1.380618556701031,0.9154639175257732,0.7039175257731959,1.2560824742268042,SORGO GRANO
Sorgo_GMF_Guanajuato_PV_2026.pdf,SORGO,GUANAJUATO,GMF,TRADICIONAL ESTATUS: AUTORIZADO,PV - 2026,4320,10.0,4790.0,11592.0,6600.0,3300.0,10848.0,0.0,3200.0,3745,3500.0,1903,43580.0,1.5277777777777777,0.7638888888888888,2.511111111111111,0.0,0.7407407407407407,0.8668981481481481,0.8101851851851852,0.44050925925925927,2.683333333333333,SORGO GRANO
Sorgo_GMF_Sinaloa_OI_2025_2026.pdf,SORGO,SINALOA,GMF,TRADICIONAL ESTATUS: AUTORIZADO,OI 2025/2026,3774,7.0,4718.0,4301.0,3124.0,2714.0,7896.0,786.0,3080.0,1328,4177.0,3155,29252.0,0.8277689454160042,0.7191308956014838,2.0922098569157392,0.2082670906200318,0.8161102278749337,0.35188129305776367,1.1067832538420774,0.8359830418653948,1.1396396396396395,SORGO GRANO
Sorgo_GMF_Tamaulipas_OI_2025_2026.pdf,SORGO,TAMAULIPAS,GMF,TRADICIONAL ESTATUS: AUTORIZADO,OI 2025/2026,3300,3.9,3832.0,1330.0,2651.0,1213.0,1220.0,700.0,1641.0,670,1950.0,1200,11644.8,0.8033333333333333,0.36757575757575756,0.3696969696969697,0.21212121212121213,0.49727272727272726,0.20303030303030303,0.5909090909090909,0.36363636363636365,0.403030303030303,SORGO GRANO
Sorgo_TMF_Tamaulipas_OI_2025_2026.pdf,SORGO,TAMAULIPAS,TMF,TRADICIONAL ESTATUS: AUTORIZADO,OI 2025/2026,3300,2.8,3832.0,872.0,2651.0,1213.0,610.0,350.0,0.0,670,1400.0,1200,7429.5999999999985,0.8033333333333333,0.36757575757575756,0.18484848484848485,0.10606060606060606,0.0,0.20303030303030303,0.42424242424242425,0.36363636363636365,0.2642424242424242,SORGO GRANO
Sorgo_TMF_Veracruz_OI_2025_2026.pdf,SORGO,VERACRUZ,TMF,TRADICIONAL ESTATUS: AUTORIZADO,OI 2025/2026,4000,3.4,4500.0,1089.0,1740.0,2175.0,4731.0,800.0,0.0,1300,1534.0,1070,11300.0,0.435,0.54375,1.18275,0.2,0.0,0.325,0.3835,0.2675,0.27225,SORGO GRANO
Sorgo_TMS_Tamaulipas_OI_2025_2026.pdf,SORGO,TAMAULIPAS,,TRADICIONAL ESTATUS: AUTORIZADO,OI 2025/2026,3300,2.2,3832.0,124.0,2651.0,1025.0,0.0,350.0,0.0,670,1100.0,1067,5130.4000000000015,0.8033333333333333,0.3106060606060606,0.0,0.10606060606060606,0.0,0.20303030303030303,0.3333333333333333,0.3233333333333333,0.037575757575757575,SORGO GRANO
Tomate rojo (jitomate)_BMF_Michoacán_PV_2026.pdf,TOMATE ROJO (JITOMATE),MICHOACÁN,BMF,AGRICULTURA PROTEGIDA ESTATUS: AUTORIZADO,PV - 2026,12622,330.0,17881.0,1773632.0,97500.0,392450.0,537229.0,791900.0,79060.0,125324,1683510.0,120000,5888108.0,7.724607827602599,31.092536840437333,42.562906037078115,62.73966090952305,6.2636666138488355,9.929012834733006,133.3790207574077,9.50720963397243,140.51909364601488,TOMATE ROJO (JITOMATE)
Tomate rojo (jitomate)_BMF_Puebla_PV_2026.pdf,TOMATE ROJO (JITOMATE),PUEBLA,BMF,AGRICULTURA PROTEGIDA ESTATUS: AUTORIZADO,PV - 2026,8500,320.0,10000.0,702596.0,188700.0,254560.0,422025.0,497670.0,144630.0,229232,189274.0,304100,3191500.0,22.2,29.948235294117648,49.65,58.54941176470588,17.01529411764706,26.968470588235295,22.267529411764706,35.77647058823529,82.65835294117647,TOMATE ROJO (JITOMATE)
Tomate rojo (jitomate)_BMF_San Luis Potosí_PV_2026.pdf,TOMATE ROJO (JITOMATE),SAN LUIS POTOSÍ,BMF,AGRICULTURA PROTEGIDA ESTATUS: AUTORIZADO,PV - 2026,6000,126.0,8000.0,309443.0,18900.0,151500.0,49656.0,43200.0,66910.0,14969,271840.0,17500,1002000.0,3.15,25.25,8.276,7.2,11.151666666666667,2.4948333333333332,45.306666666666665,2.9166666666666665,51.57383333333333,TOMATE ROJO (JITOMATE)
Tomate rojo (jitomate)_BMF_Zacatecas_PV_2026.pdf,TOMATE ROJO (JITOMATE),ZACATECAS,BMF,RIEGO POR GOTEO ESTATUS: AUTORIZADO,PV - 2026,8000,250.0,9500.0,317181.0,2403.0,253640.0,82185.0,481500.0,84499.0,218185,672300.0,96700,2367000.0,0.300375,31.705,10.273125,60.1875,10.562375,27.273125,84.0375,12.0875,39.647625,TOMATE ROJO (JITOMATE)
Trigo_BMF_Baja California Sur_OI_2025_2026.pdf,TRIGO,BAJA CALIFORNIA,BMF,RIEGO POR ASPERSIÓN ESTATUS: AUTORIZADO,OI 2025/2026,4725,6.0,6267.0,1888.0,5941.0,3938.0,10851.0,0.0,5104.0,1516,3650.0,1081,32877.0,1.2573544973544974,0.8334391534391534,2.2965079365079366,0.0,1.0802116402116402,0.3208465608465608,0.7724867724867724,0.22878306878306878,0.3995767195767196,TRIGO GRANO
Trigo_BMF_Chihuahua_OI_2025_2026.pdf,TRIGO,CHIHUAHUA,BMF,RIEGO POR ASPERSIÓN ESTATUS: AUTORIZADO,OI 2025/2026,5200,6.4,6500.0,2929.0,3119.0,4721.0,14750.0,0.0,5924.0,4420,1840.0,1150,36400.0,0.5998076923076923,0.9078846153846154,2.8365384615384617,0.0,1.1392307692307693,0.85,0.35384615384615387,0.22115384615384615,0.5632692307692307,TRIGO GRANO
Trigo_GMF_Baja California_OI_2025_2026.pdf,TRIGO,BAJA CALIFORNIA,GMF,TRADICIONAL ESTATUS: AUTORIZADO,OI 2025/2026,5233,6.58,5814.0,4215.0,3857.0,2724.0,11770.0,300.0,2956.0,2984,3712.0,1529,33023.12,0.7370533154978024,0.5205427097267342,2.2491878463596406,0.05732849226065354,0.5648767437416395,0.5702274030193006,0.7093445442384865,0.2921842155551309,0.8054653162621823,TRIGO GRANO
Trigo_GMF_Coahuila_OI_2025_2026.pdf,TRIGO,COAHUILA,GMF,TRADICIONAL ESTATUS: AUTORIZADO,OI 2025/2026,5790,3.41,6220.0,1653.0,2800.0,2880.0,4740.0,0.0,3100.0,1715,2223.0,900,15420.2,0.4835924006908463,0.49740932642487046,0.8186528497409327,0.0,0.5354058721934369,0.29620034542314333,0.3839378238341969,0.15544041450777202,0.2854922279792746,TRIGO GRANO
Trigo_GMF_Guanajuato_OI_2025_2026.pdf,TRIGO,GUANAJUATO,GMF,LABRANZA DE CONSERVACIÓN ESTATUS: AUTORIZADO,OI 2025/2026,5102,6.5,5670.0,4545.0,1600.0,3400.0,10384.0,0.0,5860.0,4389,2275.0,2300,31753.0,0.31360250882007057,0.6664053312426499,2.0352802822422578,0.0,1.1485691885535085,0.860250882007056,0.44590356722853786,0.4508036064288514,0.8908271266170129,TRIGO GRANO
Trigo_GMF_Sinaloa_OI_2025_2026.pdf,TRIGO,SINALOA,GMF,TRADICIONAL ESTATUS: AUTORIZADO,OI 2025/2026,4698,6.0,5220.0,3160.0,4976.0,3806.0,5721.0,1230.0,3050.0,1855,2737.0,2805,26622.0,1.059174116645381,0.8101319710515112,1.2177522349936143,0.26181353767560667,0.6492124308216263,0.3948488718603661,0.5825883354618987,0.5970625798212005,0.6726266496381439,TRIGO GRANO
Trigo_GMF_Sonora_OI_2025_2026.pdf,TRIGO,SONORA,GMF,TRADICIONAL ESTATUS: AUTORIZADO,OI 2025/2026,5393,6.9,5677.0,5003.0,3936.0,2972.0,9444.0,0.0,2562.0,4059,3478.0,1822,33778.3,0.7298349712590395,0.5510847394770999,1.7511589096977564,0.0,0.4750602633042833,0.7526423141108844,0.6449100686074541,0.3378453550899314,0.9276840348600037,TRIGO GRANO
